<?xml version="1.0" encoding="UTF-8"?>

<!-- generated on 2024-09-15 22:09:46.775095 by randomTrips.py v1_20_0+0002-343658e7c64
<configuration>
    <net-file value="map.net.xml"/>
    <route-file value="map.rou.xml"/>
    <length value="True"/>
    <end value="100.0"/>
</configuration>
-->

<routes xmlns:xsi="http://www.w3.org/2001/XMLSchema-instance" xsi:noNamespaceSchemaLocation="http://sumo.dlr.de/xsd/routes_file.xsd">
    <trip id="0" depart="0.00" from="243370199#2" to="-1072900670"/>
    <trip id="1" depart="1.00" from="-682833765#0" to="-423849535#1"/>
    <trip id="2" depart="2.00" from="637910620" to="423534029#13"/>
    <trip id="3" depart="3.00" from="77769996#13" to="-1115964323"/>
    <trip id="4" depart="4.00" from="-993812336#2" to="-1072908976"/>
    <trip id="5" depart="5.00" from="-423738557#1" to="1076012350"/>
    <trip id="6" depart="6.00" from="-1072900678#1" to="-423736909#6"/>
    <trip id="7" depart="7.00" from="28190350#0" to="1122598035#0"/>
    <trip id="8" depart="8.00" from="-423738568#0" to="1202697878#0"/>
    <trip id="9" depart="9.00" from="706336995#2" to="-1051737898#1"/>
    <trip id="10" depart="10.00" from="706292879#2" to="423738539"/>
    <trip id="11" depart="11.00" from="-708828705#2" to="-231414758#10"/>
    <trip id="12" depart="12.00" from="83588199#18" to="-708402369#0"/>
    <trip id="13" depart="13.00" from="-1122595122" to="-1123270772#1"/>
    <trip id="14" depart="14.00" from="716687213#0" to="1255958934#2"/>
    <trip id="15" depart="15.00" from="706300231" to="637906643#0"/>
    <trip id="16" depart="16.00" from="1111744181#1" to="993811729#1"/>
    <trip id="17" depart="17.00" from="-77770003#0" to="1123296855"/>
    <trip id="18" depart="18.00" from="707187943" to="151707351#0"/>
    <trip id="19" depart="19.00" from="718353611#2" to="1155810088#3"/>
    <trip id="20" depart="20.00" from="423738873#2" to="-1075657625#1"/>
    <trip id="21" depart="21.00" from="-424016904" to="-696667266#1"/>
    <trip id="22" depart="22.00" from="-1077879838#0" to="-424070487"/>
    <trip id="23" depart="23.00" from="-1123296862" to="-682840191#2"/>
    <trip id="24" depart="24.00" from="231415002#4" to="-719077063"/>
    <trip id="25" depart="25.00" from="-719122219#0" to="-423736949#2"/>
    <trip id="26" depart="26.00" from="-637963032#0" to="80932742#2"/>
    <trip id="27" depart="27.00" from="259083225#4" to="1309531651#1"/>
    <trip id="28" depart="28.00" from="-24676535#15" to="637906638#1"/>
    <trip id="29" depart="29.00" from="-231415002#2" to="-77852883"/>
    <trip id="30" depart="30.00" from="993813265" to="235103394#7"/>
    <trip id="31" depart="31.00" from="1123299303#1" to="423736922#6"/>
    <trip id="32" depart="32.00" from="710985361" to="682840546#3"/>
    <trip id="33" depart="33.00" from="-424016927#0" to="-1074416318#7"/>
    <trip id="34" depart="34.00" from="-706605254#2" to="-637963033#2"/>
    <trip id="35" depart="35.00" from="-423736955#0" to="80932766#14"/>
    <trip id="36" depart="36.00" from="740814006#3" to="-706561232#1"/>
    <trip id="37" depart="37.00" from="293185433#8" to="-80932784#1"/>
    <trip id="38" depart="38.00" from="77881922#13" to="1069959864#0"/>
    <trip id="39" depart="39.00" from="-637963007" to="-637910625#0"/>
    <trip id="40" depart="40.00" from="1123510791#1" to="-637962988#1"/>
    <trip id="41" depart="41.00" from="1186665970" to="77770036#1"/>
    <trip id="42" depart="42.00" from="-80932791#5" to="-423738559#1"/>
    <trip id="43" depart="43.00" from="993819575" to="1076251709#1"/>
    <trip id="44" depart="44.00" from="-1121962338" to="-1075735092"/>
    <trip id="45" depart="45.00" from="-1123510790" to="231369852#2"/>
    <trip id="46" depart="46.00" from="696667282" to="-993812336#0"/>
    <trip id="47" depart="47.00" from="-1076256102#2" to="-77852899"/>
    <trip id="48" depart="48.00" from="993817527" to="1077640740#4"/>
    <trip id="49" depart="49.00" from="993811724#2" to="718767117"/>
    <trip id="50" depart="50.00" from="-1066014141#2" to="570217342#1"/>
    <trip id="51" depart="51.00" from="423736916#1" to="1111744181#1"/>
    <trip id="52" depart="52.00" from="-637963032#0" to="243370196#2"/>
    <trip id="53" depart="53.00" from="-1125148442" to="-993813805"/>
    <trip id="54" depart="54.00" from="1066003681" to="80936828#1"/>
    <trip id="55" depart="55.00" from="740814005" to="-637962992#1"/>
    <trip id="56" depart="56.00" from="1075764961" to="-293429095#2"/>
    <trip id="57" depart="57.00" from="77852919#4" to="720148908"/>
    <trip id="58" depart="58.00" from="-698605278" to="235103394#15"/>
    <trip id="59" depart="59.00" from="1308869806#5" to="-231369848#5"/>
    <trip id="60" depart="60.00" from="665150684#5" to="1120546613"/>
    <trip id="61" depart="61.00" from="686886197#0" to="1085486373#2"/>
    <trip id="62" depart="62.00" from="-1040729742#0" to="-706887153#1"/>
    <trip id="63" depart="63.00" from="-1072623884" to="77885887#2"/>
    <trip id="64" depart="64.00" from="749606311#1" to="707220668#0"/>
    <trip id="65" depart="65.00" from="-706300231" to="-1075764987"/>
    <trip id="66" depart="66.00" from="749606308#4" to="80932784#0"/>
    <trip id="67" depart="67.00" from="-1096515134" to="1074489125#5"/>
    <trip id="68" depart="68.00" from="-1076307616#3" to="661407500#10"/>
    <trip id="69" depart="69.00" from="681857522#3" to="-1239023482"/>
    <trip id="70" depart="70.00" from="1072920221#3" to="1123271084"/>
    <trip id="71" depart="71.00" from="-637963007" to="720904634#1"/>
    <trip id="72" depart="72.00" from="-993812339" to="-423736955#6"/>
    <trip id="73" depart="73.00" from="1120546618#1" to="637906646#2"/>
    <trip id="74" depart="74.00" from="-423736922#5" to="-706336997"/>
    <trip id="75" depart="75.00" from="993817522#0" to="265899492#0"/>
    <trip id="76" depart="76.00" from="-993819569" to="1076302680#1"/>
    <trip id="77" depart="77.00" from="-1187527365" to="-424011653"/>
    <trip id="78" depart="78.00" from="-708462670#0" to="1200808578#0"/>
    <trip id="79" depart="79.00" from="-424016939#2" to="-423738565#2"/>
    <trip id="80" depart="80.00" from="-1076326735#6" to="231414762#1"/>
    <trip id="81" depart="81.00" from="-424016925#2" to="77852901"/>
    <trip id="82" depart="82.00" from="718257188#0" to="-1076326735#5"/>
    <trip id="83" depart="83.00" from="-637906617#23" to="316189787"/>
    <trip id="84" depart="84.00" from="-423738526" to="-1239064823"/>
    <trip id="85" depart="85.00" from="80932737#3" to="1150727874#1"/>
    <trip id="86" depart="86.00" from="1072908967#1" to="691425978#3"/>
    <trip id="87" depart="87.00" from="706300232" to="-361721736#10"/>
    <trip id="88" depart="88.00" from="-1123271074" to="-993813260#2"/>
    <trip id="89" depart="89.00" from="-993812364#4" to="1072636722"/>
    <trip id="90" depart="90.00" from="637906627#0" to="361721736#12"/>
    <trip id="91" depart="91.00" from="993813226#2" to="-1123273507"/>
    <trip id="92" depart="92.00" from="-923791283#0" to="-708736384#5"/>
    <trip id="93" depart="93.00" from="718353611#1" to="-637915652#1"/>
    <trip id="94" depart="94.00" from="-361721736#10" to="1050145552#0"/>
    <trip id="95" depart="95.00" from="-993812336#2" to="-682840546#1"/>
    <trip id="96" depart="96.00" from="-637920444#0" to="77882034#13"/>
    <trip id="97" depart="97.00" from="1035763355#9" to="718838050"/>
    <trip id="98" depart="98.00" from="1123296843" to="-1075752025"/>
    <trip id="99" depart="99.00" from="993819580#0" to="708429363#8"/>
</routes>
